resolve,firstSeen,lastSeen,source,tags
popularsmmpanel.in,7/27/2018 13:59,7/27/2018 21:35,riskiq,
youtubeboost.info,7/26/2018 12:44,7/26/2018 12:44,riskiq,
gainfamous.online,7/15/2018 14:43,7/24/2018 17:33,riskiq,
www.gainfamous.online,7/18/2018 6:53,7/24/2018 17:32,riskiq,
cpanel.gainfamous.online,7/18/2018 6:53,7/24/2018 17:32,riskiq,
followbeam.in,7/4/2018 13:55,7/24/2018 3:34,riskiq,
hubdealing.com,7/9/2018 12:42,7/24/2018 3:32,riskiq,
allpaidaccounts.com,6/19/2018 23:43,7/24/2018 2:37,riskiq,
apnapanel.in,6/22/2018 14:16,7/24/2018 2:37,riskiq,
dreamsmm.com,5/27/2018 3:53,7/24/2018 2:37,riskiq,
mmsmediapanels.in,5/27/2018 6:06,7/24/2018 2:37,riskiq,
sanjeetpanel.in,5/22/2018 12:31,7/24/2018 2:36,riskiq,
crownmediasmm.in,5/28/2018 4:13,7/24/2018 2:36,riskiq,
growanotherpanel.com,5/26/2018 6:19,7/24/2018 2:36,riskiq,
yoyomedia.info,6/9/2018 13:36,7/24/2018 1:44,riskiq,
easybuywaysmm.info,6/29/2018 12:45,7/24/2018 1:39,riskiq,
ajofficialpanel.tk,6/30/2018 3:13,7/24/2018 1:39,riskiq,
smmlo.com,7/1/2018 12:43,7/24/2018 1:38,pingly|riskiq,
indianwale.in,6/28/2018 10:26,7/24/2018 1:38,riskiq,
rkmediahub.in,6/29/2018 22:04,7/24/2018 1:37,riskiq,
www.rightanotherpanel.com,7/13/2018 2:53,7/24/2018 0:37,riskiq,
rightanotherpanel.com,6/22/2018 3:25,7/24/2018 0:37,riskiq,
indiansmmpanel.com,6/2/2018 7:49,7/24/2018 0:31,riskiq,
thesocialpanels.com,5/22/2018 11:34,7/24/2018 0:26,riskiq,
uygunmedya.net,5/25/2018 7:09,7/24/2018 0:26,riskiq,
indiangen.com,5/25/2018 9:53,7/24/2018 0:26,riskiq,
sm-panel.com,5/26/2018 3:29,7/24/2018 0:26,riskiq,
socialmediapromoters.in,5/26/2018 5:01,7/24/2018 0:25,riskiq,
www.topsocialservice.com,7/13/2018 21:01,7/24/2018 0:07,riskiq,
topsocialservice.com,6/18/2018 21:07,7/24/2018 0:07,riskiq,
kuwsocial.com,6/24/2018 6:36,7/24/2018 0:01,riskiq,
www.kuwsocial.com,7/24/2018 0:01,7/24/2018 0:01,riskiq,
www.allpaidaccounts.com,6/30/2018 4:05,7/23/2018 23:54,riskiq,
www.smmlo.com,7/23/2018 23:31,7/23/2018 23:31,riskiq,
www.instantsmm.in,7/18/2018 22:01,7/23/2018 21:45,riskiq,
instantsmm.in,6/13/2018 8:17,7/23/2018 21:44,riskiq,
nsrmedia.in,6/8/2018 12:35,7/23/2018 21:38,riskiq,
smmlow.com,6/1/2018 16:36,7/23/2018 21:38,riskiq,
trendsmmpanel.com,6/1/2018 19:39,7/23/2018 21:38,riskiq,
socialboost.in,6/27/2018 11:41,7/23/2018 21:22,riskiq,
socialblaze.in,5/31/2018 14:18,7/23/2018 21:22,riskiq,
socialking.co.in,6/4/2018 12:39,7/23/2018 20:16,riskiq,
xxxsmm.com,6/3/2018 11:33,7/23/2018 20:16,riskiq,
taklikepanel.in,6/25/2018 4:54,7/23/2018 20:15,riskiq,
socialzone.in,6/8/2018 14:18,7/23/2018 20:15,riskiq,
topsmm.ml,6/10/2018 18:52,7/23/2018 20:15,riskiq,
chepestsmm.info,6/9/2018 11:13,7/23/2018 20:15,riskiq,
www.mmsmediapanels.in,5/27/2018 6:49,7/23/2018 19:24,riskiq,
risandweipanel.ga,5/26/2018 9:01,7/23/2018 18:31,riskiq,
smmmeridian.com,7/17/2018 0:22,7/23/2018 17:26,riskiq,
www.kingsocials.xyz,7/23/2018 17:09,7/23/2018 17:09,riskiq,
kingsocials.xyz,6/18/2018 9:45,7/23/2018 17:09,riskiq,
cheapindiansmm.in,6/13/2018 16:53,7/23/2018 16:29,riskiq,
smmprovider.in,6/12/2018 19:13,7/23/2018 16:29,riskiq,
socialblastpanel.in,6/17/2018 13:30,7/23/2018 16:29,riskiq,
chepestsocial.tk,6/13/2018 9:58,7/23/2018 16:29,riskiq,
www.topsmm.ml,7/23/2018 13:54,7/23/2018 13:54,riskiq,
www.socialblaze.in,5/31/2018 16:08,7/23/2018 13:54,riskiq,
www.yoyomedia.info,6/11/2018 7:39,7/23/2018 11:28,riskiq,
www.nsrmedia.in,7/23/2018 11:25,7/23/2018 11:25,riskiq,
www.socialking.co.in,7/23/2018 8:18,7/23/2018 8:18,riskiq,
www.smmlow.com,6/2/2018 14:44,7/23/2018 8:13,riskiq,
supersocial.cf,7/16/2018 14:06,7/22/2018 20:17,riskiq,
socialraja.in,7/15/2018 8:20,7/22/2018 10:05,riskiq,
technicalalipanel.in,7/9/2018 11:22,7/22/2018 5:11,riskiq,
ytsmm.info,7/15/2018 9:52,7/21/2018 21:16,riskiq,
smmweb.info,7/12/2018 5:09,7/21/2018 17:20,riskiq,
nkmpanel.info,7/13/2018 7:23,7/21/2018 4:22,riskiq,
justanothersmm.com,7/12/2018 4:51,7/20/2018 12:49,riskiq,
www.trendsmmpanel.com,6/2/2018 14:39,7/20/2018 10:45,riskiq,
kuwaitsmm.com,5/26/2018 8:13,7/20/2018 10:30,riskiq,
www.indiansmmpanel.com,7/20/2018 9:35,7/20/2018 9:35,riskiq,
www.xxxsmm.com,7/20/2018 9:07,7/20/2018 9:07,riskiq,
www.thesocialpanels.com,6/1/2018 13:06,7/20/2018 9:05,riskiq,
www.smartsmmpanel.in,7/20/2018 3:31,7/20/2018 8:39,riskiq,
www.uygunmedya.net,5/25/2018 17:47,7/20/2018 8:11,riskiq,
www.socialmediapromoters.in,7/20/2018 0:40,7/20/2018 8:07,riskiq,
www.indiangen.com,5/25/2018 17:46,7/20/2018 6:47,riskiq,
www.dreamsmm.com,5/30/2018 0:19,7/20/2018 6:44,riskiq,
www.sm-panel.com,5/30/2018 0:43,7/20/2018 6:09,riskiq,
www.kuwaitsmm.com,7/20/2018 0:45,7/20/2018 4:38,riskiq,
www.growanotherpanel.com,7/20/2018 0:43,7/20/2018 4:35,riskiq,
www.crownmediasmm.in,7/20/2018 3:02,7/20/2018 3:02,riskiq,
www.mrvvimalmehrafilms.com,5/30/2018 12:01,7/20/2018 1:14,riskiq,
www.risandweipanel.ga,7/20/2018 1:10,7/20/2018 1:10,riskiq,
www.followerguru.in,7/19/2018 22:53,7/19/2018 22:53,riskiq,
www.easybuywaysmm.info,7/8/2018 15:29,7/19/2018 19:23,riskiq,
www.sanjeetpanel.in,7/19/2018 18:44,7/19/2018 18:44,riskiq,
instasmm.in,7/19/2018 13:20,7/19/2018 13:27,riskiq,
rizlpanel.online,7/8/2018 16:16,7/19/2018 12:32,riskiq,
real-subscribers.online,7/17/2018 21:39,7/19/2018 7:09,riskiq,
smmguruji.live,7/12/2018 9:57,7/19/2018 6:34,riskiq,
www.socialzone.in,7/18/2018 22:38,7/18/2018 22:38,riskiq,
sopremium.in,6/20/2018 9:09,7/18/2018 19:13,riskiq,
infinitysmmpanel.com,7/11/2018 13:56,7/18/2018 18:39,riskiq,
smmpanelbest.com,6/28/2018 9:09,7/18/2018 16:40,riskiq,
www.real-subscribers.online,7/18/2018 6:51,7/18/2018 6:51,riskiq,
ravansmmpanel.tk,7/8/2018 12:13,7/17/2018 10:20,riskiq,
primesmm.in,7/16/2018 13:01,7/16/2018 20:32,riskiq,
cheepsmmpanel.in,7/9/2018 11:12,7/16/2018 18:03,riskiq,
www.smmweb.info,7/14/2018 12:56,7/14/2018 12:56,riskiq,
www.katiyarsmmpanel.in,7/13/2018 21:44,7/13/2018 21:44,riskiq,
www.infinitysmmpanel.com,7/13/2018 7:45,7/13/2018 7:45,riskiq,
www.nkmpanel.info,7/13/2018 7:45,7/13/2018 7:45,riskiq,
www.smmguruji.live,7/12/2018 9:57,7/12/2018 9:57,riskiq,
www.justanothersmm.com,7/12/2018 5:49,7/12/2018 5:49,riskiq,
e2e-41-170.e2enetworks.net.in,1/27/2018 19:38,7/9/2018 13:08,riskiq,
www.technicalalipanel.in,7/9/2018 11:10,7/9/2018 11:10,riskiq,
www.rizlpanel.online,7/8/2018 16:16,7/8/2018 16:16,riskiq,
theaccountstore.in,7/7/2018 4:34,7/8/2018 13:11,riskiq,
crazzybuddy.com,6/8/2018 14:18,7/8/2018 7:13,riskiq,
completesmm.com,6/9/2018 6:23,7/7/2018 14:07,riskiq,
www.theaccountstore.in,7/7/2018 4:46,7/7/2018 4:46,riskiq,
instantlysmm.in,6/27/2018 12:05,7/5/2018 17:00,riskiq,
viralsmm.com,7/1/2018 10:20,7/5/2018 16:50,riskiq,
www.chepestsmm.info,6/11/2018 14:17,7/4/2018 12:30,riskiq,
www.worldsmmpanel.com,7/2/2018 23:36,7/2/2018 23:36,riskiq,
worldsmmpanel.com,7/2/2018 23:10,7/2/2018 23:11,riskiq,
www.kingofworldpanel.in,7/2/2018 5:41,7/2/2018 5:41,riskiq,
smmvendors.com,5/27/2018 11:05,6/30/2018 5:15,riskiq,
www.ajofficialpanel.tk,6/30/2018 3:13,6/30/2018 3:13,riskiq,
www.promotersmm.in,6/30/2018 0:01,6/30/2018 0:01,riskiq,
www.completesmm.com,6/11/2018 7:12,6/29/2018 10:40,riskiq,
www.smmpanelbest.com,6/28/2018 12:34,6/28/2018 12:34,riskiq,
www.socialboost.in,6/27/2018 11:41,6/27/2018 11:41,riskiq,
www.sopremium.in,6/26/2018 21:21,6/26/2018 21:21,riskiq,
smmhub.site,6/5/2018 9:59,6/24/2018 5:16,riskiq,
www.popularsmm.in,6/23/2018 6:34,6/23/2018 6:34,riskiq,
cheapsmmpanel.in,5/29/2018 9:08,6/22/2018 20:20,riskiq,
www.guccipanel.xyz,6/22/2018 11:30,6/22/2018 11:30,riskiq,
smmrich.com,6/19/2018 10:39,6/19/2018 10:39,riskiq,
www.perfectlikepanel.in,6/19/2018 2:22,6/19/2018 2:22,riskiq,
perfectlikepanel.in,6/18/2018 21:07,6/18/2018 21:07,riskiq,
www.socialbenz.com,6/17/2018 23:33,6/17/2018 23:33,riskiq,
www.smmhub.site,6/13/2018 6:23,6/13/2018 6:23,riskiq,
www.getpopular.club,6/7/2018 16:25,6/8/2018 16:13,riskiq,
publicsmm.com,5/23/2018 10:38,6/7/2018 19:39,riskiq,
cheapsmm.co.in,5/29/2018 5:09,6/4/2018 8:29,riskiq,
smmdady.com,6/3/2018 5:46,6/3/2018 6:34,riskiq,
bestcheapsmm.com,5/25/2018 8:28,6/1/2018 11:31,riskiq,
www.smmvendors.com,5/30/2018 0:42,5/30/2018 0:42,riskiq,
www.bestcheapsmm.com,5/25/2018 17:46,5/25/2018 17:46,riskiq,
perfectsmm.com,5/22/2018 6:05,5/22/2018 6:05,riskiq,
e2e-44-170.e2enetworks.net.in,9/18/2017 2:02,1/21/2018 7:10,riskiq,
