webpage,min price,max price 
perfectsmm.com,0.17,5.2
smmsolutions.in,0.18,7.5
viralsmm.com,0.18,1.6
smopanels.com,0.2,4.8
smmstore.pro,0.22,3.5
cheappanel.com,0.23,0.43
bulkfollows.com,0.23,6.5
smmlite.com,0.25,4.6
socialnavy.com,0.25,7
smmkings.com,0.25,4.9
autopanel.net,0.26,5.64
cheapestsmm.com,0.29,1.25
instafaster.com,0.3,4
fansfaster.com,0.3,0.6
autolikepanel.com,0.3,5
autoxsmm.com,0.3,5
smmfollows.com,0.32,4.7
autosmo.com,0.35,5
smmboost.net,0.35,2.5
maxsmmbuild.com,0.35,5.72
socialcheapanel.com,0.35,2.95
bestsmm.net,0.35,4.5
bestsmmpanels.com,0.4,4.5
instantsmmpanel.com,0.4,5
smmclerk.com,0.4,0.9
smm.socialdealers.in,0.4,4.35
smmstation.com,0.45,7.5
65292panel.com,0.45,6.95
topsmmpanel.com,0.5,3.1
gofastpanel.com,0.5,4
best-smm.com,0.53,4.65
bulksocial.net,0.6,0.8
justanotherpanel.com,0.6,
smmglobe.com,0.6,4.3
smmjobz.com,0.65,4.7
smmmaster.com,0.65,5.2
followiz.com,0.72,5.04
smmfaster.com,0.8,8.8
autosm-f.com,0.9,13
bestofpanel.com,0.9,6.5
auto-sm.com,0.95,12
smmpanel.site,1,1.7
instant-fans.com,1,6.5
fivebbc.com,1.08,6.5
bulksocialcart.com,1.2,4.8
buffmyfollowers.com,1.35,6.5
http://maxsmm.com,1.4,4.9
fansinsta.com,1.5,1.5
smmpanel.space,1.6,4.9
boostygram.com,2,3.7
0rders.com,2.2,15
getfollowerslikes.com,2.8,6.88
cutesmm.com,3.98,3.98
avismm.com,4,4
allinonesmm.com,5,6.5
cheapsmm.net,5,9.5
smmgeeks.com,5.8,5.8
socifans.com,7,10
